<?xml version="1.0" encoding="UTF-8"?>
<project-private xmlns="http://www.netbeans.org/ns/project-private/1">
    <editor-bookmarks xmlns="http://www.netbeans.org/ns/editor-bookmarks/2" lastBookmarkId="0"/>
    <open-files xmlns="http://www.netbeans.org/ns/projectui-open-files/2">
        <group>
            <file>file:/C:/Users/K%20ROY/Desktop/Java%20Final%20Project/FinalClient/src/Client/FinalProject.java</file>
            <file>file:/C:/Users/K%20ROY/Desktop/Java%20Final%20Project/FinalClient/src/Client/SignIn.java</file>
            <file>file:/C:/Users/K%20ROY/Desktop/Java%20Final%20Project/FinalClient/src/Client/SignUP.java</file>
            <file>file:/C:/Users/K%20ROY/Desktop/Java%20Final%20Project/FinalClient/src/Client/Online.java</file>
            <file>file:/C:/Users/K%20ROY/Desktop/Java%20Final%20Project/FinalClient/src/Client/WelcomePage.java</file>
        </group>
    </open-files>
</project-private>
